12.345.678,Sebastián,Gonzalez,25/10/1960,seba_gonzalez@unmail.com
87.654.321,Leonela,Ferreyra,12/04/2013,lea_ferre_123@otromail.com
21.553.224,Karina,Soluk,05/08/1976,kari_solu_76@gmail.com
31.501.244,Matias,Nichols,27/03/2015,nicholma@unmail.com
36.061.558,Alejandra,Román,23/11/1992,romanale_92@gmail.com
40.555.699,Gabriel,Barrios,16/07/1998,gabibarrios98@otromail.com
26.554.220,Avril,Lavigne,27/09/1984,avrillavigne@complicated.com
25.333.213,Zlatan,Ibrahimovic,03/10/1981,imzlatan@acmilan.com
32.556.572,James,Rodriguez,12/07/1991,james@everton.com
19.558.669,Cristiano,Ronaldo,05/02/1985,cristiano@juventus.com
18.325.642,Kylian ,Mbappé,20/12/1998,mbappe@PSG.com
93.224.562,Rubén,Doblas,13/02/1990,el_rubius@youtube.com